Airline,FlightNum,PlanTime,ActualTime,Direction,Airport,City,Country,Terminal,Status
LY,842,2022-03-07 16:00:00,2022-03-07 17:04:00,A,LGG,LIEGE,BELGIUM,3,LANDED
AA,146,2022-03-07 17:15:00,2022-03-07 17:05:00,A,JFK,NEW YORK,UNITED STATES,3,LANDED
USF,RCH18,2022-03-07 17:15:00,2022-03-07 17:05:00,D,RMS,RAMSTEIN,GERMANY,3,CANCELED
AHS,N120L,2022-03-07 16:30:00,2022-03-07 17:08:00,D,TEB,TETERBORO,UNITED STATES,3,DEPARTED
LH,687,2022-03-07 16:25:00,2022-03-07 17:09:00,D,FRA,FRANKFURT,GERMANY,3,DEPARTED
AA,8379,2022-03-07 17:00:00,2022-03-07 17:10:00,A,AMS,AMSTERDAM,NETHERLANDS,3,LANDED
LY,338,2022-03-07 17:00:00,2022-03-07 17:10:00,A,AMS,AMSTERDAM,NETHERLANDS,3,LANDED
LAU,9HSIS,2022-03-07 17:00:00,2022-03-07 17:15:00,D,WAW,WARSAW,POLAND,3,DEPARTED
460,4XCMC,2022-03-07 17:00:00,2022-03-07 17:18:00,D,BCM,BACAU,ROMANIA,3,DEPARTED
6H,665,2022-03-07 17:20:00,2022-03-07 17:20:00,D,DXB,DUBAI,UNITED ARAB EMIRATES,3,CANCELED
AC,2359,2022-03-07 17:30:00,2022-03-07 17:21:00,A,SNN,SHANNON,IRELAND,3,LANDED
FR,6472,2022-03-07 17:35:00,2022-03-07 17:32:00,A,BER,BERLIN,GERMANY,3,LANDED
LY,2373,2022-03-07 17:20:00,2022-03-07 17:35:00,D,BER,BERLIN,GERMANY,3,DEPARTED
LY,691,2022-03-07 16:05:00,2022-03-07 17:35:00,D,TBS,TBILISI,GEORGIA,3,DEPARTED
OS,861,2022-03-07 17:45:00,2022-03-07 17:36:00,A,VIE,VIENNA,AUSTRIA,3,LANDED
FR,4103,2022-03-07 18:00:00,2022-03-07 17:38:00,A,PFO,PAPHOS,CYPRUS,3,LANDED
AM,7862,2022-03-07 17:35:00,2022-03-07 17:45:00,D,MAD,MADRID,SPAIN,3,DEPARTED
AR,7873,2022-03-07 17:35:00,2022-03-07 17:45:00,D,MAD,MADRID,SPAIN,3,DEPARTED
IB,2396,2022-03-07 17:35:00,2022-03-07 17:45:00,D,MAD,MADRID,SPAIN,3,DEPARTED
LY,397,2022-03-07 17:35:00,2022-03-07 17:45:00,D,MAD,MADRID,SPAIN,3,DEPARTED
FR,2006,2022-03-07 17:30:00,2022-03-07 17:49:00,D,BGY,BERGAMO,ITALY,3,DEPARTED
LH,681,2022-03-07 17:05:00,2022-03-07 17:50:00,D,MUC,MUNICH,GERMANY,3,DEPARTED
EJU,3737,2022-03-07 18:15:00,2022-03-07 17:53:00,A,CDG,PARIS,FRANCE,3,LANDED
IZ,312,2022-03-07 18:05:00,2022-03-07 18:05:00,A,DME,MOSCOW,RUSSIAN FEDERATION,3,CANCELED
QAS,9HVCK,2022-03-07 17:00:00,2022-03-07 18:06:00,A,TIA,TIRANA,ALBANIA,3,LANDED
6H,046,2022-03-07 18:05:00,2022-03-07 18:08:00,A,ETM,RAMON,ISRAEL,1,LANDED
QAS,DCFIV,2022-03-07 13:10:00,2022-03-07 18:09:00,D,KID,KRISTIANSTAD,SWEDEN,3,DEPARTED
LY,571,2022-03-07 17:50:00,2022-03-07 18:12:00,D,OTP,BUCHAREST,ROMANIA,3,DEPARTED
TO,3939,2022-03-07 18:00:00,2022-03-07 18:12:00,D,ORY,PARIS,FRANCE,1,DEPARTED
VY,7844,2022-03-07 18:15:00,2022-03-07 18:13:00,A,BCN,BARCELONA,SPAIN,3,LANDED
LX,252,2022-03-07 17:25:00,2022-03-07 18:16:00,A,ZRH,ZURICH,SWITZERLAND,3,LANDED
IZ,814,2022-03-07 18:05:00,2022-03-07 18:18:00,A,ETM,RAMON,ISRAEL,1,LANDED
TK,6246,2022-03-07 21:00:00,2022-03-07 18:26:00,A,IST,ISTANBUL,TURKEY,3,LANDED
EZY,2085,2022-03-07 18:40:00,2022-03-07 18:29:00,A,LTN,LONDON LUTON,UNITED KINGDOM,3,LANDED
LY,5060,2022-03-07 18:45:00,2022-03-07 18:45:00,A,DXB,DUBAI,UNITED ARAB EMIRATES,3,CANCELED
IZ,1604,2022-03-07 17:45:00,2022-03-07 18:49:00,A,DXB,DUBAI,UNITED ARAB EMIRATES,3,LANDED
FR,6473,2022-03-07 18:35:00,2022-03-07 18:50:00,D,BER,BERLIN,GERMANY,3,DEPARTED
LY,2431,2022-03-07 18:45:00,2022-03-07 18:57:00,D,LCA,LARNACA,CYPRUS,3,DEPARTED
3V,4849,2022-03-07 18:50:00,2022-03-07 19:01:00,D,CDG,PARIS,FRANCE,3,DEPARTED
FR,4104,2022-03-07 18:55:00,2022-03-07 19:02:00,D,PFO,PAPHOS,CYPRUS,3,DEPARTED
IZ,821,2022-03-07 17:05:00,2022-03-07 19:04:00,D,ETM,RAMON,ISRAEL,1,DEPARTED
5X,267,2022-03-07 19:55:00,2022-03-07 19:09:00,A,LCA,LARNACA,CYPRUS,3,LANDED
LH,694,2022-03-07 19:10:00,2022-03-07 19:13:00,A,FRA,FRANKFURT,GERMANY,3,LANDED
AHS,VPCSB,2022-03-07 18:30:00,2022-03-07 19:15:00,A,ATH,ATHENS,GREECE,3,LANDED
LY,821,2022-03-07 18:30:00,2022-03-07 19:17:00,D,LGG,LIEGE,BELGIUM,3,DEPARTED
AA,8390,2022-03-07 19:40:00,2022-03-07 19:22:00,A,BCN,BARCELONA,SPAIN,3,LANDED
IB,2393,2022-03-07 19:40:00,2022-03-07 19:22:00,A,BCN,BARCELONA,SPAIN,3,LANDED
LY,394,2022-03-07 19:40:00,2022-03-07 19:22:00,A,BCN,BARCELONA,SPAIN,3,LANDED
JU,8254,2022-03-07 19:25:00,2022-03-07 19:24:00,A,IST,ISTANBUL,TURKEY,3,LANDED
TK,788,2022-03-07 19:25:00,2022-03-07 19:24:00,A,IST,ISTANBUL,TURKEY,3,LANDED
A9,699,2022-03-07 19:20:00,2022-03-07 19:26:00,A,TBS,TBILISI,GEORGIA,3,LANDED
FR,5525,2022-03-07 19:55:00,2022-03-07 19:29:00,A,SKG,THESSALONIKI,GREECE,3,LANDED
IZ,827,2022-03-07 19:00:00,2022-03-07 19:31:00,D,ETM,RAMON,ISRAEL,1,DEPARTED
EZY,1827,2022-03-07 19:40:00,2022-03-07 19:33:00,A,MAN,MANCHESTER,UNITED KINGDOM,3,LANDED
UA,954,2022-03-07 19:35:00,2022-03-07 19:35:00,A,SFO,SAN FRANCISCO,UNITED STATES,3,LANDED
EJU,3738,2022-03-07 19:15:00,2022-03-07 19:36:00,D,CDG,PARIS,FRANCE,3,DEPARTED
AA,8376,2022-03-07 20:00:00,2022-03-07 19:41:00,A,CDG,PARIS,FRANCE,3,LANDED
LY,324,2022-03-07 20:00:00,2022-03-07 19:41:00,A,CDG,PARIS,FRANCE,3,LANDED
6H,457,2022-03-07 19:10:00,2022-03-07 19:42:00,D,ETM,RAMON,ISRAEL,1,DEPARTED
LX,253,2022-03-07 18:25:00,2022-03-07 19:46:00,D,ZRH,ZURICH,SWITZERLAND,3,DEPARTED
SU,509,2022-03-07 19:20:00,2022-03-07 19:49:00,D,SVO,MOSCOW,RUSSIAN FEDERATION,1,DEPARTED
VY,7845,2022-03-07 19:15:00,2022-03-07 19:51:00,D,BCN,BARCELONA,SPAIN,1,DEPARTED
FR,6768,2022-03-07 20:25:00,2022-03-07 19:55:00,A,BUD,BUDAPEST,HUNGARY,3,LANDED
TK,6247,2022-03-07 22:30:00,2022-03-07 19:57:00,D,IST,ISTANBUL,TURKEY,3,DEPARTED
QAS,MSAGI,2022-03-07 20:00:00,2022-03-07 20:00:00,D,LCA,LARNACA,CYPRUS,3,CANCELED
EZY,2086,2022-03-07 19:35:00,2022-03-07 20:03:00,D,LTN,LONDON LUTON,UNITED KINGDOM,3,DEPARTED
LY,051,2022-03-07 20:10:00,2022-03-07 20:23:00,D,JNB,JOHANNESBURG,SOUTH AFRICA,3,DEPARTED
QF,5024,2022-03-07 20:10:00,2022-03-07 20:23:00,D,JNB,JOHANNESBURG,SOUTH AFRICA,3,DEPARTED
QAS,FHGLG,2022-03-07 20:45:00,2022-03-07 20:27:00,A,CFE,CLERMOND FERR'D,FRANCE,3,LANDED
QAS,T7SBR,2022-03-07 13:45:00,2022-03-07 20:38:00,A,VRN,VERONA,ITALY,3,LANDED
LY,612,2022-03-07 21:00:00,2022-03-07 20:39:00,A,DME,MOSCOW,RUSSIAN FEDERATION,3,LANDED
S7,4483,2022-03-07 21:00:00,2022-03-07 20:39:00,A,DME,MOSCOW,RUSSIAN FEDERATION,3,LANDED
QY,961,2022-03-07 20:20:00,2022-03-07 20:40:00,D,LEJ,LEIPZIG,GERMANY,3,DEPARTED
LY,974,2022-03-07 20:45:00,2022-03-07 20:43:00,A,DXB,DUBAI,UNITED ARAB EMIRATES,3,LANDED
AA,8372,2022-03-07 21:05:00,2022-03-07 20:44:00,A,LHR,LONDON,UNITED KINGDOM,3,LANDED
LY,316,2022-03-07 21:05:00,2022-03-07 20:44:00,A,LHR,LONDON,UNITED KINGDOM,3,LANDED
311,T7CPX,2022-03-07 20:30:00,2022-03-07 20:47:00,A,CMF,CHAMBERY,FRANCE,3,LANDED
A9,700,2022-03-07 20:20:00,2022-03-07 20:48:00,D,TBS,TBILISI,GEORGIA,1,DEPARTED
LY,543,2022-03-07 20:45:00,2022-03-07 20:53:00,D,ATH,ATHENS,GREECE,3,DEPARTED
PC,785,2022-03-07 21:25:00,2022-03-07 21:03:00,A,SAW,ISTANBUL,TURKEY,3,LANDED
EZY,1828,2022-03-07 20:35:00,2022-03-07 21:04:00,D,MAN,MANCHESTER,UNITED KINGDOM,3,DEPARTED
IZ,822,2022-03-07 19:15:00,2022-03-07 21:07:00,A,ETM,RAMON,ISRAEL,1,LANDED
FR,5526,2022-03-07 20:45:00,2022-03-07 21:08:00,D,SKG,THESSALONIKI,GREECE,3,DEPARTED
U8,102,2022-03-07 21:30:00,2022-03-07 21:11:00,A,LCA,LARNACA,CYPRUS,3,LANDED
6H,722,2022-03-07 21:25:00,2022-03-07 21:20:00,A,SOF,SOFIA,BULGARIA,3,LANDED
IZ,828,2022-03-07 21:15:00,2022-03-07 21:22:00,A,ETM,RAMON,ISRAEL,1,LANDED
TK,789,2022-03-07 21:00:00,2022-03-07 21:25:00,D,IST,ISTANBUL,TURKEY,3,DEPARTED
5X,267,2022-03-07 21:10:00,2022-03-07 21:28:00,D,CGN,COLOGNE,GERMANY,3,DEPARTED
LY,2432,2022-03-07 21:45:00,2022-03-07 21:34:00,A,LCA,LARNACA,CYPRUS,3,LANDED
FR,6769,2022-03-07 21:15:00,2022-03-07 21:44:00,D,BUD,BUDAPEST,HUNGARY,3,DEPARTED
JU,8255,2022-03-07 21:45:00,2022-03-07 21:47:00,A,IST,ISTANBUL,TURKEY,3,LANDED
TK,790,2022-03-07 21:45:00,2022-03-07 21:47:00,A,IST,ISTANBUL,TURKEY,3,LANDED
6H,458,2022-03-07 22:00:00,2022-03-07 21:53:00,A,ETM,RAMON,ISRAEL,1,LANDED
AHS,OELML,2022-03-07 22:00:00,2022-03-07 22:00:00,A,LBG,PARIS,FRANCE,3,CANCELED
QAS,DAGBF,2022-03-07 23:10:00,2022-03-07 22:03:00,A,MUC,MUNICH,GERMANY,3,LANDED
AA,8850,2022-03-07 22:45:00,2022-03-07 22:08:00,A,MAD,MADRID,SPAIN,3,LANDED
IB,3316,2022-03-07 22:45:00,2022-03-07 22:08:00,A,MAD,MADRID,SPAIN,3,LANDED
LY,8396,2022-03-07 22:45:00,2022-03-07 22:08:00,A,MAD,MADRID,SPAIN,3,LANDED
VY,5269,2022-03-07 22:45:00,2022-03-07 22:08:00,A,MAD,MADRID,SPAIN,3,LANDED
TK,7710,2022-03-07 22:10:00,2022-03-07 22:10:00,A,SAW,ISTANBUL,TURKEY,3,LANDED
QAS,MSAGI,2022-03-07 22:15:00,2022-03-07 22:15:00,A,LCA,LARNACA,CYPRUS,3,CANCELED
LY,081,2022-03-07 22:00:00,2022-03-07 22:16:00,D,BKK,BANGKOK,THAILAND,3,DEPARTED
QF,5020,2022-03-07 22:00:00,2022-03-07 22:16:00,D,BKK,BANGKOK,THAILAND,3,DEPARTED
TG,4584,2022-03-07 22:00:00,2022-03-07 22:16:00,D,BKK,BANGKOK,THAILAND,3,DEPARTED
VN,3298,2022-03-07 22:00:00,2022-03-07 22:16:00,D,BKK,BANGKOK,THAILAND,3,DEPARTED
HM,022,2022-03-07 21:50:00,2022-03-07 22:23:00,A,SEZ,MAHE SEYCHELLES,SEYCHELLES,3,LANDED
IZ,297,2022-03-07 20:30:00,2022-03-07 22:42:00,D,IAS,IASI,ROMANIA,1,DEPARTED
VJT,9HVCD,2022-03-07 23:00:00,2022-03-07 22:45:00,A,LIN,MILAN,ITALY,3,LANDED
RO,153,2022-03-07 22:30:00,2022-03-07 22:54:00,A,OTP,BUCHAREST,ROMANIA,3,LANDED
LAU,9HAMY,2022-03-07 23:45:00,2022-03-07 23:00:00,A,LTN,LONDON LUTON,UNITED KINGDOM,3,LANDED
EK,2367,2022-03-07 22:45:00,2022-03-07 23:17:00,A,DXB,DUBAI,UNITED ARAB EMIRATES,3,LANDED
FZ,1627,2022-03-07 22:45:00,2022-03-07 23:17:00,A,DXB,DUBAI,UNITED ARAB EMIRATES,3,LANDED
5W,7085,2022-03-07 23:20:00,2022-03-07 23:26:00,A,AUH,ABU DHABI,UNITED ARAB EMIRATES,3,LANDED
AA,053,2022-03-07 23:15:00,2022-03-07 23:28:00,D,MIA,MIAMI,UNITED STATES,3,DEPARTED
UA,091,2022-03-07 23:10:00,2022-03-07 23:30:00,D,EWR,NEWARK,UNITED STATES,3,DEPARTED
AY,1979,2022-03-07 23:55:00,2022-03-07 23:32:00,A,HEL,HELSINKI,FINLAND,3,LANDED
LY,618,2022-03-07 23:00:00,2022-03-07 23:40:00,A,DME,MOSCOW,RUSSIAN FEDERATION,3,LANDED
LY,692,2022-03-07 22:20:00,2022-03-07 23:47:00,A,TBS,TBILISI,GEORGIA,3,LANDED
EK,2345,2022-03-07 23:45:00,2022-03-07 23:51:00,A,DXB,DUBAI,UNITED ARAB EMIRATES,3,LANDED
FZ,1807,2022-03-07 23:45:00,2022-03-07 23:51:00,A,DXB,DUBAI,UNITED ARAB EMIRATES,3,LANDED
PC,779,2022-03-08 00:10:00,2022-03-08 00:00:00,A,SAW,ISTANBUL,TURKEY,3,LANDED
6H,662,2022-03-08 00:05:00,2022-03-08 00:05:00,A,DXB,DUBAI,UNITED ARAB EMIRATES,3,CANCELED
460,4XCMC,2022-03-07 23:45:00,2022-03-08 00:07:00,A,BCM,BACAU,ROMANIA,3,LANDED
LY,364,2022-03-08 00:35:00,2022-03-08 00:09:00,A,VIE,VIENNA,AUSTRIA,3,LANDED
DL,235,2022-03-07 23:55:00,2022-03-08 00:10:00,D,JFK,NEW YORK,UNITED STATES,3,DEPARTED
JU,8256,2022-03-08 00:05:00,2022-03-08 00:23:00,D,IST,ISTANBUL,TURKEY,3,DEPARTED
TK,791,2022-03-08 00:05:00,2022-03-08 00:23:00,D,IST,ISTANBUL,TURKEY,3,DEPARTED
QAS,N451C,2022-03-08 00:15:00,2022-03-08 00:28:00,D,FAR,FARO,UNITED STATES,3,DEPARTED
RO,154,2022-03-07 23:30:00,2022-03-08 00:31:00,D,OTP,BUCHAREST,ROMANIA,1,DEPARTED
LY,572,2022-03-08 00:20:00,2022-03-08 00:33:00,A,OTP,BUCHAREST,ROMANIA,3,LANDED
A3,928,2022-03-08 00:55:00,2022-03-08 00:36:00,A,ATH,ATHENS,GREECE,3,LANDED
341,4XCUZ,2022-03-08 03:00:00,2022-03-08 00:44:00,A,RIX,RIGA,LATVIA,3,LANDED
LAU,N1916,2022-03-07 17:00:00,2022-03-08 00:45:00,D,IAS,IASI,ROMANIA,3,DEPARTED
LY,5458,2022-03-07 23:55:00,2022-03-08 00:48:00,A,IAS,IASI,ROMANIA,3,LANDED
EK,2368,2022-03-07 23:45:00,2022-03-08 00:49:00,D,DXB,DUBAI,UNITED ARAB EMIRATES,1,DEPARTED
FZ,1628,2022-03-07 23:45:00,2022-03-08 00:49:00,D,DXB,DUBAI,UNITED ARAB EMIRATES,1,DEPARTED
IZ,626,2022-03-08 00:15:00,2022-03-08 00:53:00,A,BBK,KASANE INTERNAT,BOTSWANA,3,LANDED
5W,7086,2022-03-08 00:10:00,2022-03-08 00:54:00,D,AUH,ABU DHABI,UNITED ARAB EMIRATES,1,DEPARTED
AA,145,2022-03-08 00:45:00,2022-03-08 00:58:00,D,JFK,NEW YORK,UNITED STATES,3,DEPARTED
AY,1980,2022-03-08 00:50:00,2022-03-08 01:00:00,D,HEL,HELSINKI,FINLAND,1,DEPARTED
ET,405,2022-03-08 00:45:00,2022-03-08 01:02:00,D,ADD,ADDIS ABABA,ETHIOPIA,3,DEPARTED
LY,8807,2022-03-08 00:45:00,2022-03-08 01:02:00,D,ADD,ADDIS ABABA,ETHIOPIA,3,DEPARTED
AM,7869,2022-03-08 00:45:00,2022-03-08 01:05:00,D,JFK,NEW YORK,UNITED STATES,3,DEPARTED
AR,7853,2022-03-08 00:45:00,2022-03-08 01:05:00,D,JFK,NEW YORK,UNITED STATES,3,DEPARTED
LY,001,2022-03-08 00:45:00,2022-03-08 01:05:00,D,JFK,NEW YORK,UNITED STATES,3,DEPARTED
UA,955,2022-03-08 00:55:00,2022-03-08 01:11:00,D,SFO,SAN FRANCISCO,UNITED STATES,3,DEPARTED
LY,027,2022-03-08 01:00:00,2022-03-08 01:13:00,D,EWR,NEWARK,UNITED STATES,3,DEPARTED
AR,7851,2022-03-08 01:00:00,2022-03-08 01:15:00,D,MIA,MIAMI,UNITED STATES,3,DEPARTED
LY,017,2022-03-08 01:00:00,2022-03-08 01:15:00,D,MIA,MIAMI,UNITED STATES,3,DEPARTED
LY,616,2022-03-08 00:55:00,2022-03-08 01:19:00,A,DME,MOSCOW,RUSSIAN FEDERATION,3,LANDED
AM,7875,2022-03-08 01:05:00,2022-03-08 01:22:00,D,LAX,LOS ANGELES,UNITED STATES,3,DEPARTED
LY,005,2022-03-08 01:05:00,2022-03-08 01:22:00,D,LAX,LOS ANGELES,UNITED STATES,3,DEPARTED
EK,2346,2022-03-08 00:45:00,2022-03-08 01:26:00,D,DXB,DUBAI,UNITED ARAB EMIRATES,1,DEPARTED
FZ,1808,2022-03-08 00:45:00,2022-03-08 01:26:00,D,DXB,DUBAI,UNITED ARAB EMIRATES,1,DEPARTED
LY,544,2022-03-08 01:55:00,2022-03-08 01:29:00,A,ATH,ATHENS,GREECE,3,LANDED
FB,571,2022-03-08 02:00:00,2022-03-08 01:32:00,A,SOF,SOFIA,BULGARIA,3,LANDED
6H,666,2022-03-08 02:05:00,2022-03-08 02:05:00,A,DXB,DUBAI,UNITED ARAB EMIRATES,3,CANCELED
AF,8425,2022-03-08 02:20:00,2022-03-08 02:11:00,A,AMS,AMSTERDAM,NETHERLANDS,3,LANDED
DL,9575,2022-03-08 02:20:00,2022-03-08 02:11:00,A,AMS,AMSTERDAM,NETHERLANDS,3,LANDED
KL,461,2022-03-08 02:20:00,2022-03-08 02:11:00,A,AMS,AMSTERDAM,NETHERLANDS,3,LANDED
KQ,1461,2022-03-08 02:20:00,2022-03-08 02:11:00,A,AMS,AMSTERDAM,NETHERLANDS,3,LANDED
LH,682,2022-03-08 02:50:00,2022-03-08 02:33:00,A,MUC,MUNICH,GERMANY,3,LANDED
TK,810,2022-03-08 02:35:00,2022-03-08 02:36:00,A,IST,ISTANBUL,TURKEY,3,LANDED
AA,8373,2022-03-08 03:05:00,2022-03-08 02:37:00,A,LHR,LONDON,UNITED KINGDOM,3,LANDED
AM,7876,2022-03-08 03:05:00,2022-03-08 02:37:00,A,LHR,LONDON,UNITED KINGDOM,3,LANDED
LY,318,2022-03-08 03:05:00,2022-03-08 02:37:00,A,LHR,LONDON,UNITED KINGDOM,3,LANDED
ET,404,2022-03-08 03:00:00,2022-03-08 02:49:00,A,ADD,ADDIS ABABA,ETHIOPIA,3,LANDED
LY,8804,2022-03-08 03:00:00,2022-03-08 02:49:00,A,ADD,ADDIS ABABA,ETHIOPIA,3,LANDED
LY,2374,2022-03-08 03:10:00,2022-03-08 02:53:00,A,BER,BERLIN,GERMANY,3,LANDED
AZ,810,2022-03-08 03:30:00,2022-03-08 03:08:00,A,FCO,ROME,ITALY,3,LANDED
LX,256,2022-03-08 03:30:00,2022-03-08 03:15:00,A,ZRH,ZURICH,SWITZERLAND,3,LANDED
AM,7854,2022-03-08 03:55:00,2022-03-08 03:17:00,A,CDG,PARIS,FRANCE,3,LANDED
LY,326,2022-03-08 03:55:00,2022-03-08 03:17:00,A,CDG,PARIS,FRANCE,3,LANDED
LY,614,2022-03-08 02:55:00,2022-03-08 03:20:00,A,DME,MOSCOW,RUSSIAN FEDERATION,3,LANDED
DL,5937,2022-03-08 04:15:00,2022-03-08 03:29:00,A,LHR,LONDON,UNITED KINGDOM,3,LANDED
VS,453,2022-03-08 04:15:00,2022-03-08 03:29:00,A,LHR,LONDON,UNITED KINGDOM,3,LANDED
LO,151,2022-03-08 03:35:00,2022-03-08 03:55:00,A,WAW,WARSAW,POLAND,3,LANDED
LY,376,2022-03-08 04:10:00,2022-03-08 03:58:00,A,LIS,LISBON,PORTUGAL,3,LANDED
TP,8913,2022-03-08 04:10:00,2022-03-08 03:58:00,A,LIS,LISBON,PORTUGAL,3,LANDED
OK,5288,2022-03-08 04:35:00,2022-03-08 04:11:00,A,PRG,PRAGUE,CZECH REPUBLIC,3,LANDED
QS,1286,2022-03-08 04:35:00,2022-03-08 04:11:00,A,PRG,PRAGUE,CZECH REPUBLIC,3,LANDED
6H,7768,2022-03-08 04:35:00,2022-03-08 04:11:00,A,PRG,PRAGUE,CZECH REPUBLIC,3,LANDED
AM,7878,2022-03-08 04:50:00,2022-03-08 04:49:00,A,MAD,MADRID,SPAIN,3,LANDED
AR,7870,2022-03-08 04:50:00,2022-03-08 04:49:00,A,MAD,MADRID,SPAIN,3,LANDED
IB,2397,2022-03-08 04:50:00,2022-03-08 04:49:00,A,MAD,MADRID,SPAIN,3,LANDED
LY,398,2022-03-08 04:50:00,2022-03-08 04:49:00,A,MAD,MADRID,SPAIN,3,LANDED
FX,5065,2022-03-08 05:40:00,2022-03-08 05:14:00,A,CGN,COLOGNE,GERMANY,3,LANDED
AZ,809,2022-03-08 05:15:00,2022-03-08 05:30:00,D,FCO,ROME,ITALY,3,DEPARTED
DL,6655,2022-03-08 05:15:00,2022-03-08 05:30:00,D,FCO,ROME,ITALY,3,DEPARTED
AF,8424,2022-03-08 05:15:00,2022-03-08 05:34:00,D,AMS,AMSTERDAM,NETHERLANDS,3,DEPARTED
DL,9690,2022-03-08 05:15:00,2022-03-08 05:34:00,D,AMS,AMSTERDAM,NETHERLANDS,3,DEPARTED
KL,462,2022-03-08 05:15:00,2022-03-08 05:34:00,D,AMS,AMSTERDAM,NETHERLANDS,3,DEPARTED
KQ,1462,2022-03-08 05:15:00,2022-03-08 05:34:00,D,AMS,AMSTERDAM,NETHERLANDS,3,DEPARTED
PC,786,2022-03-08 05:30:00,2022-03-08 05:36:00,D,SAW,ISTANBUL,TURKEY,3,DEPARTED
LH,691,2022-03-08 05:20:00,2022-03-08 05:38:00,D,FRA,FRANKFURT,GERMANY,3,DEPARTED
A3,929,2022-03-08 05:20:00,2022-03-08 05:40:00,D,ATH,ATHENS,GREECE,3,DEPARTED
IZ,298,2022-03-08 05:25:00,2022-03-08 05:45:00,A,IAS,IASI,ROMANIA,3,LANDED
LO,152,2022-03-08 05:20:00,2022-03-08 05:46:00,D,WAW,WARSAW,POLAND,3,DEPARTED
LY,554,2022-03-08 06:40:00,2022-03-08 05:57:00,A,RAK,MARRAKESH,MOROCCO,3,LANDED
6H,425,2022-03-08 06:00:00,2022-03-08 06:00:00,D,ETM,RAMON,ISRAEL,1,CANCELED
AA,8374,2022-03-08 05:50:00,2022-03-08 06:02:00,D,CDG,PARIS,FRANCE,3,DEPARTED
LY,319,2022-03-08 05:50:00,2022-03-08 06:02:00,D,CDG,PARIS,FRANCE,3,DEPARTED
IZ,551,2022-03-08 05:30:00,2022-03-08 06:06:00,D,RVN,ROVANIEMI,FINLAND,3,DEPARTED
DL,5936,2022-03-08 06:05:00,2022-03-08 06:15:00,D,LHR,LONDON,UNITED KINGDOM,3,DEPARTED
VS,454,2022-03-08 06:05:00,2022-03-08 06:15:00,D,LHR,LONDON,UNITED KINGDOM,3,DEPARTED
AA,8851,2022-03-08 06:00:00,2022-03-08 06:16:00,D,MAD,MADRID,SPAIN,3,DEPARTED
IB,3317,2022-03-08 06:00:00,2022-03-08 06:16:00,D,MAD,MADRID,SPAIN,3,DEPARTED
LY,8397,2022-03-08 06:00:00,2022-03-08 06:16:00,D,MAD,MADRID,SPAIN,3,DEPARTED
VY,5270,2022-03-08 06:00:00,2022-03-08 06:16:00,D,MAD,MADRID,SPAIN,3,DEPARTED
AA,8388,2022-03-08 06:10:00,2022-03-08 06:19:00,D,FCO,ROME,ITALY,3,DEPARTED
AR,7877,2022-03-08 06:10:00,2022-03-08 06:19:00,D,FCO,ROME,ITALY,3,DEPARTED
LY,385,2022-03-08 06:10:00,2022-03-08 06:19:00,D,FCO,ROME,ITALY,3,DEPARTED
TP,8898,2022-03-08 06:10:00,2022-03-08 06:19:00,D,FCO,ROME,ITALY,3,DEPARTED
IZ,603,2022-03-08 06:05:00,2022-03-08 06:25:00,D,DXB,DUBAI,UNITED ARAB EMIRATES,3,DEPARTED
TK,7711,2022-03-08 06:10:00,2022-03-08 06:27:00,D,SAW,ISTANBUL,TURKEY,3,DEPARTED
OS,860,2022-03-08 06:15:00,2022-03-08 06:28:00,D,VIE,VIENNA,AUSTRIA,3,DEPARTED
AR,7850,2022-03-08 06:45:00,2022-03-08 06:33:00,A,MIA,MIAMI,UNITED STATES,3,LANDED
LY,018,2022-03-08 06:45:00,2022-03-08 06:33:00,A,MIA,MIAMI,UNITED STATES,3,LANDED
LAU,N800T,2022-03-09 06:30:00,2022-03-08 06:36:00,D,BAH,BAHRAIN,BAHRAIN,3,DEPARTED
FB,572,2022-03-08 06:20:00,2022-03-08 06:40:00,D,SOF,SOFIA,BULGARIA,3,DEPARTED
6H,041,2022-03-08 06:30:00,2022-03-08 06:48:00,D,ETM,RAMON,ISRAEL,1,DEPARTED
IZ,801,2022-03-08 06:30:00,2022-03-08 06:51:00,D,ETM,RAMON,ISRAEL,1,DEPARTED
SU,500,2022-03-08 06:55:00,2022-03-08 06:55:00,A,SVO,MOSCOW,RUSSIAN FEDERATION,3,CANCELED
U8,103,2022-03-08 07:00:00,2022-03-08 07:03:00,D,LCA,LARNACA,CYPRUS,3,DEPARTED
AA,8385,2022-03-08 06:50:00,2022-03-08 07:10:00,D,MXP,MILAN,ITALY,3,DEPARTED
LY,381,2022-03-08 06:50:00,2022-03-08 07:10:00,D,MXP,MILAN,ITALY,3,DEPARTED
LH,683,2022-03-08 07:00:00,2022-03-08 07:12:00,D,MUC,MUNICH,GERMANY,3,DEPARTED
CX,675,2022-03-08 07:15:00,2022-03-08 07:24:00,A,HKG,HONG KONG,CHINA,3,LANDED
PC,780,2022-03-08 07:20:00,2022-03-08 07:30:00,D,SAW,ISTANBUL,TURKEY,3,DEPARTED
LY,541,2022-03-08 07:15:00,2022-03-08 07:31:00,D,ATH,ATHENS,GREECE,3,DEPARTED
TK,811,2022-03-08 07:25:00,2022-03-08 07:38:00,D,IST,ISTANBUL,TURKEY,3,DEPARTED
LY,551,2022-03-08 07:30:00,2022-03-08 07:41:00,D,SOF,SOFIA,BULGARIA,3,DEPARTED
LX,257,2022-03-08 07:35:00,2022-03-08 07:43:00,D,ZRH,ZURICH,SWITZERLAND,3,DEPARTED
HU,777,2022-03-08 08:05:00,2022-03-08 07:48:00,A,PVG,SHANGHAI PUDONG,CHINA,3,LANDED
QS,8287,2022-03-08 07:40:00,2022-03-08 07:49:00,D,PRG,PRAGUE,CZECH REPUBLIC,3,DEPARTED
6H,767,2022-03-08 07:40:00,2022-03-08 07:49:00,D,PRG,PRAGUE,CZECH REPUBLIC,3,DEPARTED
AHS,N99LE,2022-03-08 08:00:00,2022-03-08 08:00:00,D,ALL,ALBENGA,ITALY,3,CANCELED
LY,611,2022-03-08 08:00:00,2022-03-08 08:13:00,D,DME,MOSCOW,RUSSIAN FEDERATION,3,DEPARTED
S7,4482,2022-03-08 08:00:00,2022-03-08 08:13:00,D,DME,MOSCOW,RUSSIAN FEDERATION,3,DEPARTED
6H,421,2022-03-08 07:30:00,2022-03-08 08:16:00,D,ETM,RAMON,ISRAEL,1,DEPARTED
QAS,T7AIG,2022-03-08 08:45:00,2022-03-08 08:32:00,A,AZI,ABU DAHBI,UNITED ARAB EMIRATES,3,LANDED
6H,885,2022-03-08 08:10:00,2022-03-08 08:33:00,D,BUS,BATUMI,GEORGIA,3,DEPARTED
QAS,MMBLY,2022-03-08 13:30:00,2022-03-08 08:37:00,D,SMV,SAMEDAN,SWITZERLAND,3,DEPARTED
IZ,802,2022-03-08 08:45:00,2022-03-08 08:46:00,A,ETM,RAMON,ISRAEL,1,LANDED
UA,084,2022-03-08 09:20:00,2022-03-08 08:52:00,A,EWR,NEWARK,UNITED STATES,3,LANDED
TK,784,2022-03-08 08:55:00,2022-03-08 08:55:00,A,IST,ISTANBUL,TURKEY,3,LANDED
PC,795,2022-03-08 09:10:00,2022-03-08 08:58:00,A,SAW,ISTANBUL,TURKEY,3,LANDED
6H,225,2022-03-08 08:30:00,2022-03-08 08:59:00,D,RVN,ROVANIEMI,FINLAND,3,DEPARTED
LAU,OKEMA,2022-03-08 09:00:00,2022-03-08 09:00:00,D,PRG,PRAGUE,CZECH REPUBLIC,3,CANCELED
NJE,CSLTG,2022-03-08 09:00:00,2022-03-08 09:00:00,A,LCA,LARNACA,CYPRUS,3,CANCELED
QY,994,2022-03-08 09:00:00,2022-03-08 09:02:00,A,BRU,BRUSSELS,BELGIUM,3,LANDED
AHS,N99LE,2022-03-08 09:10:00,2022-03-08 09:04:00,D,ALL,ALBENGA,ITALY,3,DEPARTED
SU,501,2022-03-08 09:05:00,2022-03-08 09:05:00,D,SVO,MOSCOW,RUSSIAN FEDERATION,3,CANCELED
6H,426,2022-03-08 09:05:00,2022-03-08 09:05:00,A,ETM,RAMON,ISRAEL,1,CANCELED
6H,042,2022-03-08 09:10:00,2022-03-08 09:10:00,A,ETM,RAMON,ISRAEL,1,LANDED
6H,663,2022-03-08 09:10:00,2022-03-08 09:10:00,D,DXB,DUBAI,UNITED ARAB EMIRATES,3,CANCELED
LY,323,2022-03-08 09:00:00,2022-03-08 09:15:00,D,CDG,PARIS,FRANCE,3,DEPARTED
AA,8371,2022-03-08 09:05:00,2022-03-08 09:18:00,D,LHR,LONDON,UNITED KINGDOM,3,DEPARTED
AM,7863,2022-03-08 09:05:00,2022-03-08 09:18:00,D,LHR,LONDON,UNITED KINGDOM,3,DEPARTED
LY,315,2022-03-08 09:05:00,2022-03-08 09:18:00,D,LHR,LONDON,UNITED KINGDOM,3,DEPARTED
6H,661,2022-03-08 08:55:00,2022-03-08 09:22:00,D,DXB,DUBAI,UNITED ARAB EMIRATES,3,DEPARTED
LAU,9HDOM,2022-03-08 09:25:00,2022-03-08 09:25:00,D,GVA,GENEVA,SWITZERLAND,3,CANCELED
QY,960,2022-03-08 09:50:00,2022-03-08 09:26:00,A,LEJ,LEIPZIG,GERMANY,3,LANDED
LY,2365,2022-03-08 09:10:00,2022-03-08 09:28:00,D,BUD,BUDAPEST,HUNGARY,3,DEPARTED
FZ,1549,2022-03-08 09:30:00,2022-03-08 09:30:00,A,DXB,DUBAI,UNITED ARAB EMIRATES,3,CANCELED
311,4XCLL,2022-03-08 09:45:00,2022-03-08 09:32:00,D,PFO,PAPHOS,CYPRUS,3,DEPARTED
3U,3779,2022-03-08 08:55:00,2022-03-08 09:38:00,A,CTU,CHENGDU,CHINA,3,LANDED
AA,8389,2022-03-08 09:30:00,2022-03-08 09:40:00,D,BCN,BARCELONA,SPAIN,3,DEPARTED
AM,7891,2022-03-08 09:30:00,2022-03-08 09:40:00,D,BCN,BARCELONA,SPAIN,3,DEPARTED
IB,2392,2022-03-08 09:30:00,2022-03-08 09:40:00,D,BCN,BARCELONA,SPAIN,3,DEPARTED
LY,393,2022-03-08 09:30:00,2022-03-08 09:40:00,D,BCN,BARCELONA,SPAIN,3,DEPARTED
LAU,N944G,2022-03-08 10:10:00,2022-03-08 09:51:00,A,TEB,TETERBORO,UNITED STATES,3,LANDED
LY,2521,2022-03-08 09:40:00,2022-03-08 09:52:00,D,PRG,PRAGUE,CZECH REPUBLIC,3,DEPARTED
IZ,807,2022-03-08 09:40:00,2022-03-08 09:57:00,D,ETM,RAMON,ISRAEL,1,DEPARTED
NJE,CSLTJ,2022-03-08 10:10:00,2022-03-08 09:57:00,A,ATH,ATHENS,GREECE,3,LANDED
TK,7708,2022-03-08 10:10:00,2022-03-08 10:01:00,A,SAW,ISTANBUL,TURKEY,3,LANDED
LY,615,2022-03-08 10:00:00,2022-03-08 10:08:00,D,DME,MOSCOW,RUSSIAN FEDERATION,3,DEPARTED
FR,4083,2022-03-08 10:25:00,2022-03-08 10:12:00,A,KRK,KRAKOW,POLAND,3,LANDED
FR,7090,2022-03-08 10:40:00,2022-03-08 10:16:00,A,FCO,ROME,ITALY,3,LANDED
FR,7161,2022-03-08 10:25:00,2022-03-08 10:24:00,A,VIE,VIENNA,AUSTRIA,3,LANDED
FZ,1550,2022-03-08 10:30:00,2022-03-08 10:30:00,D,DXB,DUBAI,UNITED ARAB EMIRATES,3,CANCELED
NJE,CSLTG,2022-03-08 10:30:00,2022-03-08 10:30:00,D,SMV,SAMEDAN,SWITZERLAND,3,CANCELED
LY,1076,2022-03-08 11:20:00,2022-03-08 10:31:00,A,HKG,HONG KONG,CHINA,3,LANDED
6H,422,2022-03-08 10:50:00,2022-03-08 10:35:00,A,ETM,RAMON,ISRAEL,1,LANDED
QAS,9HVCK,2022-03-08 10:00:00,2022-03-08 10:36:00,D,GVA,GENEVA,SWITZERLAND,3,DEPARTED
AM,7868,2022-03-08 11:20:00,2022-03-08 10:38:00,A,JFK,NEW YORK,UNITED STATES,3,LANDED
AR,7852,2022-03-08 11:20:00,2022-03-08 10:38:00,A,JFK,NEW YORK,UNITED STATES,3,LANDED
LY,002,2022-03-08 11:20:00,2022-03-08 10:38:00,A,JFK,NEW YORK,UNITED STATES,3,LANDED
JU,8253,2022-03-08 09:50:00,2022-03-08 10:40:00,D,IST,ISTANBUL,TURKEY,3,DEPARTED
TK,785,2022-03-08 09:50:00,2022-03-08 10:40:00,D,IST,ISTANBUL,TURKEY,3,DEPARTED
PC,796,2022-03-08 10:10:00,2022-03-08 10:41:00,D,SAW,ISTANBUL,TURKEY,3,DEPARTED
311,N405L,2022-03-08 10:00:00,2022-03-08 10:44:00,D,LCA,LARNACA,CYPRUS,3,DEPARTED
LY,553,2022-03-08 10:30:00,2022-03-08 10:46:00,D,RAK,MARRAKESH,MOROCCO,3,DEPARTED
6H,441,2022-03-08 10:20:00,2022-03-08 10:48:00,D,ETM,RAMON,ISRAEL,1,DEPARTED
FR,6754,2022-03-08 11:35:00,2022-03-08 10:58:00,A,BUD,BUDAPEST,HUNGARY,3,LANDED
AHS,OELML,2022-03-08 11:00:00,2022-03-08 11:00:00,D,LBG,PARIS,FRANCE,3,CANCELED
FR,2005,2022-03-08 11:10:00,2022-03-08 11:01:00,A,BGY,BERGAMO,ITALY,3,LANDED
3V,4848,2022-03-08 10:55:00,2022-03-08 11:18:00,A,VIE,VIENNA,AUSTRIA,3,LANDED
FR,2836,2022-03-08 11:30:00,2022-03-08 11:22:00,A,VNO,VILNIUS,LITHUANIA,3,LANDED
XC,455,2022-03-08 11:30:00,2022-03-08 11:27:00,A,AYT,ANTALYA,TURKEY,3,LANDED
AHS,LZBRU,2022-03-08 11:10:00,2022-03-08 11:33:00,A,LCA,LARNACA,CYPRUS,3,LANDED
TWI,503,2022-03-08 11:30:00,2022-03-08 11:36:00,A,AYT,ANTALYA,TURKEY,3,LANDED
311,4XCLL,2022-03-08 11:40:00,2022-03-08 11:38:00,A,PFO,PAPHOS,CYPRUS,3,LANDED
FR,4084,2022-03-08 11:15:00,2022-03-08 11:39:00,D,KRK,KRAKOW,POLAND,3,DEPARTED
EJU,2563,2022-03-08 11:55:00,2022-03-08 11:42:00,A,MXP,MILAN,ITALY,3,LANDED
LAU,OKEMA,2022-03-08 10:40:00,2022-03-08 11:43:00,D,LCA,LARNACA,CYPRUS,3,DEPARTED
FR,7162,2022-03-08 11:15:00,2022-03-08 11:45:00,D,VIE,VIENNA,AUSTRIA,3,DEPARTED
EZS,1525,2022-03-08 12:10:00,2022-03-08 11:49:00,A,GVA,GENEVA,SWITZERLAND,3,LANDED
EJU,5201,2022-03-08 12:15:00,2022-03-08 11:53:00,A,BER,BERLIN,GERMANY,3,LANDED
NJE,CSLTJ,2022-03-08 11:30:00,2022-03-08 11:53:00,D,SMV,SAMEDAN,SWITZERLAND,3,DEPARTED
EK,2363,2022-03-08 11:40:00,2022-03-08 11:58:00,A,DXB,DUBAI,UNITED ARAB EMIRATES,3,LANDED
FZ,1163,2022-03-08 11:40:00,2022-03-08 11:58:00,A,DXB,DUBAI,UNITED ARAB EMIRATES,3,LANDED
UA,085,2022-03-08 11:30:00,2022-03-08 11:59:00,D,EWR,NEWARK,UNITED STATES,3,DEPARTED
LY,973,2022-03-08 11:30:00,2022-03-08 12:01:00,D,DXB,DUBAI,UNITED ARAB EMIRATES,3,DEPARTED
HU,778,2022-03-08 11:35:00,2022-03-08 12:03:00,D,PVG,SHANGHAI PUDONG,CHINA,3,DEPARTED
6H,431,2022-03-08 11:45:00,2022-03-08 12:06:00,D,ETM,RAMON,ISRAEL,1,DEPARTED
FR,7091,2022-03-08 11:30:00,2022-03-08 12:09:00,D,FCO,ROME,ITALY,3,DEPARTED
LAU,9HAMY,2022-03-08 12:10:00,2022-03-08 12:10:00,D,ISL,ISTANBUL,TURKEY,3,CANCELED
FR,6746,2022-03-08 12:05:00,2022-03-08 12:14:00,A,CRL,BRUSSELS,BELGIUM,3,LANDED
LY,542,2022-03-08 12:30:00,2022-03-08 12:16:00,A,ATH,ATHENS,GREECE,3,LANDED
LY,617,2022-03-08 12:00:00,2022-03-08 12:18:00,D,DME,MOSCOW,RUSSIAN FEDERATION,3,DEPARTED
QAS,YUPDD,2022-03-08 12:10:00,2022-03-08 12:21:00,A,LIN,MILAN,ITALY,3,LANDED
3U,3780,2022-03-08 12:55:00,2022-03-08 12:24:00,D,CTU,CHENGDU,CHINA,3,DEPARTED
TK,7709,2022-03-08 12:10:00,2022-03-08 12:29:00,D,SAW,ISTANBUL,TURKEY,3,DEPARTED
AHS,LZBRU,2022-03-08 12:30:00,2022-03-08 12:30:00,D,SCV,SUCEAVA,ROMANIA,3,CANCELED
IZ,808,2022-03-08 12:35:00,2022-03-08 12:30:00,A,ETM,RAMON,ISRAEL,1,LANDED
EJU,7933,2022-03-08 13:00:00,2022-03-08 12:34:00,A,AMS,AMSTERDAM,NETHERLANDS,3,LANDED
FR,2006,2022-03-08 12:05:00,2022-03-08 12:35:00,D,BGY,BERGAMO,ITALY,3,DEPARTED
EJU,3737,2022-03-08 13:00:00,2022-03-08 12:37:00,A,CDG,PARIS,FRANCE,3,LANDED
FR,6755,2022-03-08 12:25:00,2022-03-08 12:37:00,D,BUD,BUDAPEST,HUNGARY,3,DEPARTED
TO,3930,2022-03-08 12:50:00,2022-03-08 12:40:00,A,ORY,PARIS,FRANCE,3,LANDED
FR,4103,2022-03-08 12:55:00,2022-03-08 12:42:00,A,PFO,PAPHOS,CYPRUS,3,LANDED
FR,2837,2022-03-08 12:35:00,2022-03-08 12:45:00,D,VNO,VILNIUS,LITHUANIA,3,DEPARTED
LAU,LZBRU,2022-03-08 12:30:00,2022-03-08 12:47:00,D,SCV,SUCEAVA,ROMANIA,3,DEPARTED
XC,456,2022-03-08 12:30:00,2022-03-08 12:53:00,D,AYT,ANTALYA,TURKEY,3,DEPARTED
EJU,4463,2022-03-08 12:50:00,2022-03-08 12:58:00,A,LYS,LYON,FRANCE,3,LANDED
6H,442,2022-03-08 13:10:00,2022-03-08 13:01:00,A,ETM,RAMON,ISRAEL,1,LANDED
TWI,504,2022-03-08 12:30:00,2022-03-08 13:04:00,D,AYT,ANTALYA,TURKEY,3,DEPARTED
TK,794,2022-03-08 13:35:00,2022-03-08 13:13:00,A,IST,ISTANBUL,TURKEY,3,LANDED
EZS,1526,2022-03-08 13:05:00,2022-03-08 13:16:00,D,GVA,GENEVA,SWITZERLAND,3,DEPARTED
LY,026,2022-03-08 14:10:00,2022-03-08 13:17:00,A,EWR,NEWARK,UNITED STATES,3,LANDED
EJU,2564,2022-03-08 12:55:00,2022-03-08 13:19:00,D,MXP,MILAN,ITALY,3,DEPARTED
EJU,5202,2022-03-08 13:10:00,2022-03-08 13:24:00,D,BER,BERLIN,GERMANY,3,DEPARTED
QAS,FHGLG,2022-03-08 13:15:00,2022-03-08 13:25:00,D,BWE,BRAUNSCHWEIG,GERMANY,3,DEPARTED
AM,7874,2022-03-08 13:35:00,2022-03-08 13:28:00,A,LAX,LOS ANGELES,UNITED STATES,3,LANDED
LY,006,2022-03-08 13:35:00,2022-03-08 13:28:00,A,LAX,LOS ANGELES,UNITED STATES,3,LANDED
EK,2364,2022-03-08 12:45:00,2022-03-08 13:36:00,D,DXB,DUBAI,UNITED ARAB EMIRATES,3,DEPARTED
FZ,1164,2022-03-08 12:45:00,2022-03-08 13:36:00,D,DXB,DUBAI,UNITED ARAB EMIRATES,3,DEPARTED
QAS,YUPDD,2022-03-08 13:10:00,2022-03-08 13:39:00,D,BEG,BELGRADE,SERBIA,3,DEPARTED
6H,886,2022-03-08 13:50:00,2022-03-08 13:41:00,A,BUS,BATUMI,GEORGIA,3,LANDED
AM,7871,2022-03-08 13:30:00,2022-03-08 13:42:00,D,JFK,NEW YORK,UNITED STATES,3,DEPARTED
AR,7855,2022-03-08 13:30:00,2022-03-08 13:42:00,D,JFK,NEW YORK,UNITED STATES,3,DEPARTED
LY,007,2022-03-08 13:30:00,2022-03-08 13:42:00,D,JFK,NEW YORK,UNITED STATES,3,DEPARTED
UA,140,2022-03-08 14:00:00,2022-03-08 13:47:00,A,ORD,CHICAGO,UNITED STATES,3,LANDED
FR,6747,2022-03-08 12:55:00,2022-03-08 13:50:00,D,CRL,BRUSSELS,BELGIUM,3,DEPARTED
LY,552,2022-03-08 13:45:00,2022-03-08 13:50:00,A,SOF,SOFIA,BULGARIA,3,LANDED
IZ,815,2022-03-08 13:40:00,2022-03-08 13:54:00,D,ETM,RAMON,ISRAEL,1,DEPARTED
6H,447,2022-03-08 13:45:00,2022-03-08 13:59:00,D,ETM,RAMON,ISRAEL,1,DEPARTED
AF,962,2022-03-08 14:05:00,2022-03-08 14:02:00,A,CDG,PARIS,FRANCE,3,LANDED
DL,8457,2022-03-08 14:05:00,2022-03-08 14:02:00,A,CDG,PARIS,FRANCE,3,LANDED
KL,2059,2022-03-08 14:05:00,2022-03-08 14:02:00,A,CDG,PARIS,FRANCE,3,LANDED
LAU,N800T,2022-03-08 13:55:00,2022-03-08 14:04:00,A,DWC,DUBAI,UNITED ARAB EMIRATES,3,LANDED
AR,7876,2022-03-08 14:30:00,2022-03-08 14:06:00,A,FCO,ROME,ITALY,3,LANDED
LY,386,2022-03-08 14:30:00,2022-03-08 14:06:00,A,FCO,ROME,ITALY,3,LANDED
LY,613,2022-03-08 13:55:00,2022-03-08 14:09:00,D,DME,MOSCOW,RUSSIAN FEDERATION,3,DEPARTED
TO,3932,2022-03-08 14:30:00,2022-03-08 14:09:00,A,ORY,PARIS,FRANCE,3,LANDED
EJU,7934,2022-03-08 14:00:00,2022-03-08 14:18:00,D,AMS,AMSTERDAM,NETHERLANDS,3,DEPARTED
6H,432,2022-03-08 14:35:00,2022-03-08 14:18:00,A,ETM,RAMON,ISRAEL,1,LANDED
TO,3931,2022-03-08 14:00:00,2022-03-08 14:25:00,D,ORY,PARIS,FRANCE,3,DEPARTED
BA,165,2022-03-08 14:35:00,2022-03-08 14:26:00,A,LHR,LONDON,UNITED KINGDOM,3,LANDED
EJU,3738,2022-03-08 14:00:00,2022-03-08 14:29:00,D,CDG,PARIS,FRANCE,3,DEPARTED
FR,4104,2022-03-08 13:50:00,2022-03-08 14:30:00,D,PFO,PAPHOS,CYPRUS,3,DEPARTED
LAU,TCKAM,2022-03-08 14:30:00,2022-03-08 14:30:00,A,ISL,ISTANBUL,TURKEY,3,CANCELED
PC,787,2022-03-08 14:35:00,2022-03-08 14:30:00,A,AYT,ANTALYA,TURKEY,3,LANDED
EJU,4464,2022-03-08 13:45:00,2022-03-08 14:34:00,D,LYS,LYON,FRANCE,3,DEPARTED
LAU,TCMFY,2022-03-08 14:40:00,2022-03-08 14:36:00,D,MRV,MINERALNYE VODY,RUSSIAN FEDERATION,3,DEPARTED
MNB,240,2022-03-08 15:00:00,2022-03-08 14:42:00,A,IST,ISTANBUL,TURKEY,3,LANDED
IZ,025,2022-03-08 14:15:00,2022-03-08 14:45:00,D,RAK,MARRAKESH,MOROCCO,3,DEPARTED
PC,783,2022-03-08 14:55:00,2022-03-08 14:46:00,A,SAW,ISTANBUL,TURKEY,3,LANDED
IZ,604,2022-03-08 14:10:00,2022-03-08 14:53:00,A,DXB,DUBAI,UNITED ARAB EMIRATES,3,LANDED
JU,8266,2022-03-08 14:30:00,2022-03-08 14:55:00,D,IST,ISTANBUL,TURKEY,3,DEPARTED
TK,795,2022-03-08 14:30:00,2022-03-08 14:55:00,D,IST,ISTANBUL,TURKEY,3,DEPARTED
QAS,VJT49,2022-03-08 15:05:00,2022-03-08 14:57:00,A,LCA,LARNACA,CYPRUS,3,LANDED
LAU,TCKAM,2022-03-08 15:00:00,2022-03-08 15:00:00,D,ISL,ISTANBUL,TURKEY,3,CANCELED
700,MMBLY,2022-03-08 15:00:00,2022-03-08 15:00:00,D,ATH,ATHENS,GREECE,3,CANCELED
LH,686,2022-03-08 15:15:00,2022-03-08 15:26:00,A,FRA,FRANKFURT,GERMANY,3,LANDED
QAS,MMBLY,2022-03-08 18:15:00,2022-03-08 15:44:00,A,SMV,SAMEDAN,SWITZERLAND,3,LANDED
LY,822,2022-03-08 16:00:00,2022-03-08 15:47:00,A,LGG,LIEGE,BELGIUM,3,LANDED
PC,788,2022-03-08 15:35:00,2022-03-08 15:47:00,D,AYT,ANTALYA,TURKEY,3,DEPARTED
6H,439,2022-03-08 15:25:00,2022-03-08 15:49:00,D,ETM,RAMON,ISRAEL,1,DEPARTED
AHS,TCKAM,2022-03-08 14:30:00,2022-03-08 15:52:00,A,ISL,ISTANBUL,TURKEY,3,LANDED
TO,3933,2022-03-08 15:30:00,2022-03-08 15:53:00,D,ORY,PARIS,FRANCE,3,DEPARTED
N4,1899,2022-03-08 15:55:00,2022-03-08 15:55:00,A,LED,S.PETERSBURG,RUSSIAN FEDERATION,3,CANCELED
AA,8386,2022-03-08 16:00:00,2022-03-08 15:59:00,A,MXP,MILAN,ITALY,3,LANDED
LY,382,2022-03-08 16:00:00,2022-03-08 15:59:00,A,MXP,MILAN,ITALY,3,LANDED
IZ,816,2022-03-08 15:55:00,2022-03-08 16:01:00,A,ETM,RAMON,ISRAEL,1,LANDED
LH,680,2022-03-08 16:00:00,2022-03-08 16:03:00,A,MUC,MUNICH,GERMANY,3,LANDED
QY,995,2022-03-08 15:20:00,2022-03-08 16:12:00,D,BRU,BRUSSELS,BELGIUM,3,DEPARTED
PC,784,2022-03-08 15:55:00,2022-03-08 16:17:00,D,SAW,ISTANBUL,TURKEY,3,DEPARTED
AM,7856,2022-03-08 17:10:00,2022-03-08 16:22:00,A,JFK,NEW YORK,UNITED STATES,3,LANDED
AR,7856,2022-03-08 17:10:00,2022-03-08 16:22:00,A,JFK,NEW YORK,UNITED STATES,3,LANDED
LY,008,2022-03-08 17:10:00,2022-03-08 16:22:00,A,JFK,NEW YORK,UNITED STATES,3,LANDED
AHS,TCKAM,2022-03-08 15:30:00,2022-03-08 16:23:00,D,ISL,ISTANBUL,TURKEY,3,DEPARTED
AA,8375,2022-03-08 16:40:00,2022-03-08 16:25:00,A,CDG,PARIS,FRANCE,3,LANDED
LY,320,2022-03-08 16:40:00,2022-03-08 16:25:00,A,CDG,PARIS,FRANCE,3,LANDED
6H,448,2022-03-08 16:30:00,2022-03-08 16:27:00,A,ETM,RAMON,ISRAEL,1,LANDED
MNB,241,2022-03-08 16:30:00,2022-03-08 16:33:00,D,IST,ISTANBUL,TURKEY,3,DEPARTED
TO,3938,2022-03-08 16:45:00,2022-03-08 16:33:00,A,ORY,PARIS,FRANCE,3,LANDED
DL,234,2022-03-08 17:20:00,2022-03-08 16:34:00,A,JFK,NEW YORK,UNITED STATES,3,LANDED
AM,7877,2022-03-08 16:15:00,2022-03-08 16:36:00,D,LHR,LONDON,UNITED KINGDOM,3,DEPARTED
LY,317,2022-03-08 16:15:00,2022-03-08 16:36:00,D,LHR,LONDON,UNITED KINGDOM,3,DEPARTED
QS,8286,2022-03-08 16:20:00,2022-03-08 16:40:00,A,PRG,PRAGUE,CZECH REPUBLIC,3,LANDED
6H,768,2022-03-08 16:20:00,2022-03-08 16:40:00,A,PRG,PRAGUE,CZECH REPUBLIC,3,LANDED
AF,963,2022-03-08 15:55:00,2022-03-08 16:42:00,D,CDG,PARIS,FRANCE,3,DEPARTED
KL,2060,2022-03-08 15:55:00,2022-03-08 16:42:00,D,CDG,PARIS,FRANCE,3,DEPARTED
ENT,0177T,2022-03-08 17:00:00,2022-03-08 16:43:00,A,KTW,KATOWICE,POLAND,3,LANDED
BA,164,2022-03-08 16:25:00,2022-03-08 16:50:00,D,LHR,LONDON,UNITED KINGDOM,3,DEPARTED
AA,146,2022-03-08 17:15:00,2022-03-08 16:52:00,A,JFK,NEW YORK,UNITED STATES,3,LANDED
6H,665,2022-03-08 17:05:00,2022-03-08 17:05:00,D,DXB,DUBAI,UNITED ARAB EMIRATES,3,CANCELED
N4,1900,2022-03-08 17:10:00,2022-03-08 17:10:00,D,LED,S.PETERSBURG,RUSSIAN FEDERATION,3,CANCELED
6H,709,2022-03-08 17:20:00,2022-03-08 17:20:00,A,IAS,IASI,ROMANIA,3,CANCELED
6H,664,2022-03-08 17:35:00,2022-03-08 17:35:00,A,DXB,DUBAI,UNITED ARAB EMIRATES,3,CANCELED
LAU,9HAMY,2022-03-08 17:55:00,2022-03-08 17:55:00,A,ISL,ISTANBUL,TURKEY,3,CANCELED
700,MMBLY,2022-03-08 18:00:00,2022-03-08 18:00:00,A,ATH,ATHENS,GREECE,3,CANCELED
6H,711,2022-03-08 18:20:00,2022-03-08 18:20:00,D,KIV,CHISINAU,MOLDOVA,3,CANCELED
QAS,VJT53,2022-03-08 18:30:00,2022-03-08 18:30:00,A,NCE,NICE,FRANCE,3,CANCELED
6H,561,2022-03-08 18:35:00,2022-03-08 18:35:00,D,ATH,ATHENS,GREECE,3,CANCELED
LY,5060,2022-03-08 18:45:00,2022-03-08 18:45:00,A,DXB,DUBAI,UNITED ARAB EMIRATES,3,CANCELED
LAU,9HDOM,2022-03-08 19:05:00,2022-03-08 19:05:00,A,GVA,GENEVA,SWITZERLAND,3,CANCELED
AHS,LZBRU,2022-03-08 19:30:00,2022-03-08 19:30:00,A,SCV,SUCEAVA,ROMANIA,3,CANCELED
QAS,9HVTD,2022-03-08 19:35:00,2022-03-08 19:35:00,A,DWC,DUBAI,UNITED ARAB EMIRATES,3,CANCELED
QAS,MMBLY,2022-03-08 19:45:00,2022-03-08 19:45:00,A,ATH,ATHENS,GREECE,3,CANCELED
AHS,TCAHE,2022-03-07 21:55:00,2022-03-08 21:55:00,A,EVN,YEREVAN,ARMENIA,3,CANCELED
QAS,MSAGI,2022-03-08 22:15:00,2022-03-08 22:15:00,A,LCA,LARNACA,CYPRUS,3,CANCELED
AHS,TCAHE,2022-03-07 22:40:00,2022-03-08 22:40:00,D,ESB,ANKARA,TURKEY,3,CANCELED
QAS,9HVCK,2022-03-08 23:05:00,2022-03-08 23:05:00,A,KRK,KRAKOW,POLAND,3,CANCELED
6H,712,2022-03-09 01:05:00,2022-03-09 01:05:00,A,KIV,CHISINAU,MOLDOVA,3,CANCELED
6H,666,2022-03-09 02:05:00,2022-03-09 02:05:00,A,DXB,DUBAI,UNITED ARAB EMIRATES,3,CANCELED
QAS,YURDA,2022-03-09 05:20:00,2022-03-09 05:20:00,D,BEG,BELGRADE,SERBIA,3,CANCELED
QAS,9HVFH,2022-03-09 07:25:00,2022-03-09 07:25:00,A,LCA,LARNACA,CYPRUS,3,CANCELED
6H,421,2022-03-09 07:30:00,2022-03-09 07:30:00,D,ETM,RAMON,ISRAEL,1,CANCELED
QAS,9HVFH,2022-03-09 08:30:00,2022-03-09 08:30:00,D,ISL,ISTANBUL,TURKEY,3,CANCELED
6H,426,2022-03-09 08:35:00,2022-03-09 08:35:00,A,ETM,RAMON,ISRAEL,1,CANCELED
FZ,1549,2022-03-09 09:30:00,2022-03-09 09:30:00,A,DXB,DUBAI,UNITED ARAB EMIRATES,3,CANCELED
6H,441,2022-03-09 10:00:00,2022-03-09 10:00:00,D,ETM,RAMON,ISRAEL,1,CANCELED
6H,422,2022-03-09 10:15:00,2022-03-09 10:15:00,A,ETM,RAMON,ISRAEL,1,CANCELED
FZ,1550,2022-03-09 10:30:00,2022-03-09 10:30:00,D,DXB,DUBAI,UNITED ARAB EMIRATES,3,CANCELED
6H,998,2022-03-09 11:05:00,2022-03-09 11:05:00,A,SAW,ISTANBUL,TURKEY,3,CANCELED
IZ,335,2022-03-09 11:20:00,2022-03-09 11:20:00,D,FCO,ROME,ITALY,3,CANCELED
6H,4XABI,2022-03-09 11:40:00,2022-03-09 11:40:00,D,ESB,ANKARA,TURKEY,3,CANCELED
QAS,N720L,2022-03-09 12:00:00,2022-03-09 12:00:00,D,DXB,DUBAI,UNITED ARAB EMIRATES,3,CANCELED
LAU,9HDOM,2022-03-09 12:10:00,2022-03-09 12:10:00,D,VLC,VALENCIA,SPAIN,3,CANCELED
PQ,3403,2022-03-09 12:45:00,2022-03-09 12:45:00,A,KIV,CHISINAU,MOLDOVA,3,CANCELED
6H,442,2022-03-09 12:45:00,2022-03-09 12:45:00,A,ETM,RAMON,ISRAEL,1,CANCELED
PQ,3404,2022-03-09 13:45:00,2022-03-09 13:45:00,D,KIV,CHISINAU,MOLDOVA,3,CANCELED
LY,5057,2022-03-09 14:00:00,2022-03-09 14:00:00,D,DXB,DUBAI,UNITED ARAB EMIRATES,3,CANCELED
QAS,9HVCK,2022-03-09 14:20:00,2022-03-09 14:20:00,D,ATH,ATHENS,GREECE,3,CANCELED
6H,439,2022-03-09 16:40:00,2022-03-09 16:40:00,D,ETM,RAMON,ISRAEL,1,CANCELED
QAS,9HVTD,2022-03-09 16:55:00,2022-03-09 16:55:00,D,CPH,COPENHAGEN,DENMARK,3,CANCELED
ICL,0992P,2022-03-09 17:00:00,2022-03-09 17:00:00,A,ETM,RAMON,ISRAEL,1,CANCELED
6H,440,2022-03-09 19:15:00,2022-03-09 19:15:00,A,ETM,RAMON,ISRAEL,1,CANCELED
IZ,336,2022-03-09 19:20:00,2022-03-09 19:20:00,A,FCO,ROME,ITALY,3,CANCELED
LY,5058,2022-03-09 22:35:00,2022-03-09 22:35:00,A,DXB,DUBAI,UNITED ARAB EMIRATES,3,CANCELED
QAS,9HVTD,2022-03-10 09:00:00,2022-03-10 09:00:00,D,CMF,CHAMBERY,FRANCE,3,CANCELED
6H,4XABI,2022-03-10 16:10:00,2022-03-10 16:10:00,A,ISL,ISTANBUL,TURKEY,3,CANCELED
QAS,XARIN,2022-03-10 17:20:00,2022-03-10 17:20:00,A,VCE,VENICE,ITALY,3,CANCELED
PC,780,2022-03-07 07:20:00,2022-03-07 07:32:00,D,SAW,ISTANBUL,TURKEY,1,DEPARTED
TK,811,2022-03-07 07:25:00,2022-03-07 07:35:00,D,IST,ISTANBUL,TURKEY,3,DEPARTED
LY,2521,2022-03-07 07:25:00,2022-03-07 07:37:00,D,PRG,PRAGUE,CZECH REPUBLIC,3,DEPARTED
TK,6068,2022-03-07 08:20:00,2022-03-07 07:50:00,A,IST,ISTANBUL,TURKEY,3,LANDED
6H,663,2022-03-07 06:25:00,2022-03-07 07:52:00,D,DXB,DUBAI,UNITED ARAB EMIRATES,3,DEPARTED
AHS,VPCMB,2022-03-07 08:00:00,2022-03-07 07:54:00,D,VNO,VILNIUS,LITHUANIA,3,DEPARTED
LY,611,2022-03-07 08:00:00,2022-03-07 08:09:00,D,DME,MOSCOW,RUSSIAN FEDERATION,3,DEPARTED
S7,4482,2022-03-07 08:00:00,2022-03-07 08:09:00,D,DME,MOSCOW,RUSSIAN FEDERATION,3,DEPARTED
6H,421,2022-03-07 08:00:00,2022-03-07 08:11:00,D,ETM,RAMON,ISRAEL,1,DEPARTED
311,MOONL,2022-03-07 08:30:00,2022-03-07 08:14:00,D,BER,BERLIN,GERMANY,3,DEPARTED
LH,695,2022-03-07 08:00:00,2022-03-07 08:17:00,D,FRA,FRANKFURT,GERMANY,3,DEPARTED
052,MYSKY,2022-03-07 08:00:00,2022-03-07 08:18:00,D,POZ,POZNAN,POLAND,3,DEPARTED
OK,5289,2022-03-07 08:05:00,2022-03-07 08:21:00,D,PRG,PRAGUE,CZECH REPUBLIC,1,DEPARTED
QS,1287,2022-03-07 08:05:00,2022-03-07 08:21:00,D,PRG,PRAGUE,CZECH REPUBLIC,1,DEPARTED
6H,7767,2022-03-07 08:05:00,2022-03-07 08:21:00,D,PRG,PRAGUE,CZECH REPUBLIC,1,DEPARTED
LX,257,2022-03-07 07:35:00,2022-03-07 08:23:00,D,ZRH,ZURICH,SWITZERLAND,3,DEPARTED
LY,8853,2022-03-07 07:35:00,2022-03-07 08:23:00,D,ZRH,ZURICH,SWITZERLAND,3,DEPARTED
6H,885,2022-03-07 08:10:00,2022-03-07 08:30:00,D,BUS,BATUMI,GEORGIA,3,DEPARTED
6H,426,2022-03-07 08:35:00,2022-03-07 08:34:00,A,ETM,RAMON,ISRAEL,1,LANDED
W6,3257,2022-03-07 08:45:00,2022-03-07 08:43:00,A,OTP,BUCHAREST,ROMANIA,3,LANDED
TK,7708,2022-03-07 08:45:00,2022-03-07 08:48:00,A,SAW,ISTANBUL,TURKEY,3,LANDED
3U,3779,2022-03-07 08:55:00,2022-03-07 08:55:00,A,CTU,CHENGDU,CHINA,3,LANDED
IZ,802,2022-03-07 08:45:00,2022-03-07 08:58:00,A,ETM,RAMON,ISRAEL,1,LANDED
W6,4427,2022-03-07 09:10:00,2022-03-07 08:58:00,A,SOF,SOFIA,BULGARIA,3,LANDED
AHS,VPCMB,2022-03-07 09:00:00,2022-03-07 09:00:00,D,VNO,VILNIUS,LITHUANIA,3,CANCELED
TK,784,2022-03-07 08:55:00,2022-03-07 09:00:00,A,IST,ISTANBUL,TURKEY,3,LANDED
PC,795,2022-03-07 09:10:00,2022-03-07 09:12:00,A,SAW,ISTANBUL,TURKEY,3,LANDED
U8,0224P,2022-03-07 09:40:00,2022-03-07 09:17:00,A,LCA,LARNACA,CYPRUS,3,LANDED
AA,8371,2022-03-07 09:05:00,2022-03-07 09:18:00,D,LHR,LONDON,UNITED KINGDOM,3,DEPARTED
AM,7863,2022-03-07 09:05:00,2022-03-07 09:18:00,D,LHR,LONDON,UNITED KINGDOM,3,DEPARTED
LY,315,2022-03-07 09:05:00,2022-03-07 09:18:00,D,LHR,LONDON,UNITED KINGDOM,3,DEPARTED
LY,323,2022-03-07 09:00:00,2022-03-07 09:20:00,D,CDG,PARIS,FRANCE,3,DEPARTED
U8,103,2022-03-07 08:40:00,2022-03-07 09:23:00,D,LCA,LARNACA,CYPRUS,1,DEPARTED
IZ,603,2022-03-07 09:00:00,2022-03-07 09:31:00,D,DXB,DUBAI,UNITED ARAB EMIRATES,1,DEPARTED
6H,561,2022-03-07 09:25:00,2022-03-07 09:32:00,D,ATH,ATHENS,GREECE,3,DEPARTED
UA,084,2022-03-07 09:20:00,2022-03-07 09:33:00,A,EWR,NEWARK,UNITED STATES,3,LANDED
AA,8389,2022-03-07 09:30:00,2022-03-07 09:42:00,D,BCN,BARCELONA,SPAIN,3,DEPARTED
AM,7891,2022-03-07 09:30:00,2022-03-07 09:42:00,D,BCN,BARCELONA,SPAIN,3,DEPARTED
IB,2392,2022-03-07 09:30:00,2022-03-07 09:42:00,D,BCN,BARCELONA,SPAIN,3,DEPARTED
LY,393,2022-03-07 09:30:00,2022-03-07 09:42:00,D,BCN,BARCELONA,SPAIN,3,DEPARTED
FR,2823,2022-03-07 09:50:00,2022-03-07 09:45:00,A,ATH,ATHENS,GREECE,3,LANDED
TK,6069,2022-03-07 09:55:00,2022-03-07 09:52:00,D,IST,ISTANBUL,TURKEY,3,DEPARTED
W6,2325,2022-03-07 10:05:00,2022-03-07 09:55:00,A,BUD,BUDAPEST,HUNGARY,3,LANDED
LY,617,2022-03-07 10:00:00,2022-03-07 10:04:00,D,DME,MOSCOW,RUSSIAN FEDERATION,3,DEPARTED
FR,7161,2022-03-07 10:30:00,2022-03-07 10:08:00,A,VIE,VIENNA,AUSTRIA,3,LANDED
IZ,807,2022-03-07 09:40:00,2022-03-07 10:18:00,D,ETM,RAMON,ISRAEL,1,DEPARTED
F7,9008,2022-03-07 10:20:00,2022-03-07 10:20:00,D,VKO,MOSCOW,RUSSIAN FEDERATION,3,CANCELED
TK,7709,2022-03-07 09:40:00,2022-03-07 10:20:00,D,SAW,ISTANBUL,TURKEY,3,DEPARTED
USF,POKER,2022-03-07 09:35:00,2022-03-07 10:20:00,A,AMM,AMMAN,JORDAN,3,LANDED
SU,501,2022-03-07 08:40:00,2022-03-07 10:25:00,D,SVO,MOSCOW,RUSSIAN FEDERATION,1,DEPARTED
JU,8253,2022-03-07 09:50:00,2022-03-07 10:28:00,D,IST,ISTANBUL,TURKEY,3,DEPARTED
TK,785,2022-03-07 09:50:00,2022-03-07 10:28:00,D,IST,ISTANBUL,TURKEY,3,DEPARTED
W6,4428,2022-03-07 10:00:00,2022-03-07 10:32:00,D,SOF,SOFIA,BULGARIA,1,DEPARTED
W6,1559,2022-03-07 10:40:00,2022-03-07 10:33:00,A,WAW,WARSAW,POLAND,3,LANDED
6H,422,2022-03-07 10:50:00,2022-03-07 10:37:00,A,ETM,RAMON,ISRAEL,1,LANDED
W6,3258,2022-03-07 09:35:00,2022-03-07 10:38:00,D,OTP,BUCHAREST,ROMANIA,1,DEPARTED
LAU,N344R,2022-03-07 11:00:00,2022-03-07 10:41:00,A,IAD,WASHINGTON,UNITED STATES,3,LANDED
AM,7868,2022-03-07 11:20:00,2022-03-07 10:45:00,A,JFK,NEW YORK,UNITED STATES,3,LANDED
AR,7852,2022-03-07 11:20:00,2022-03-07 10:45:00,A,JFK,NEW YORK,UNITED STATES,3,LANDED
LY,002,2022-03-07 11:20:00,2022-03-07 10:45:00,A,JFK,NEW YORK,UNITED STATES,3,LANDED
PC,796,2022-03-07 10:10:00,2022-03-07 10:45:00,D,SAW,ISTANBUL,TURKEY,1,DEPARTED
HU,458,2022-03-07 10:55:00,2022-03-07 10:48:00,D,CAN,GUANGZHOU,CHINA,3,DEPARTED
LY,615,2022-03-07 11:00:00,2022-03-07 11:00:00,D,DME,MOSCOW,RUSSIAN FEDERATION,3,CANCELED
QAS,N69JU,2022-03-07 11:00:00,2022-03-07 11:00:00,D,FAB,FARNBOROUGH,UNITED KINGDOM,3,CANCELED
QAS,YUPDD,2022-03-07 11:00:00,2022-03-07 11:00:00,D,SMV,SAMEDAN,SWITZERLAND,3,CANCELED
QAS,9HVCL,2022-03-07 11:00:00,2022-03-07 11:00:00,D,KRK,KRAKOW,POLAND,3,CANCELED
FR,2824,2022-03-07 10:45:00,2022-03-07 11:01:00,D,ATH,ATHENS,GREECE,3,DEPARTED
6H,441,2022-03-07 10:20:00,2022-03-07 11:10:00,D,ETM,RAMON,ISRAEL,1,DEPARTED
U8,1824,2022-03-07 10:40:00,2022-03-07 11:16:00,D,MAD,MADRID,SPAIN,1,DEPARTED
EZS,1525,2022-03-07 11:25:00,2022-03-07 11:26:00,A,GVA,GENEVA,SWITZERLAND,3,LANDED
FR,8695,2022-03-07 12:15:00,2022-03-07 11:29:00,A,NAP,NAPLES,ITALY,3,LANDED
702,T7VIP,2022-03-07 12:00:00,2022-03-07 11:32:00,A,TER,LAJES,PORTUGAL,3,LANDED
FR,7162,2022-03-07 11:20:00,2022-03-07 11:35:00,D,VIE,VIENNA,AUSTRIA,3,DEPARTED
LAU,N1916,2022-03-07 11:10:00,2022-03-07 11:37:00,A,IAS,IASI,ROMANIA,3,LANDED
311,T7CPX,2022-03-07 12:00:00,2022-03-07 11:39:00,D,CMF,CHAMBERY,FRANCE,3,DEPARTED
W6,2326,2022-03-07 10:55:00,2022-03-07 11:43:00,D,BUD,BUDAPEST,HUNGARY,1,DEPARTED
341,4XCUZ,2022-03-07 12:00:00,2022-03-07 11:47:00,D,RIX,RIGA,LATVIA,3,DEPARTED
493,4XDAD,2022-03-07 11:40:00,2022-03-07 11:48:00,A,RPN,ROSH PINA,ISRAEL,3,LANDED
EK,2363,2022-03-07 11:40:00,2022-03-07 11:50:00,A,DXB,DUBAI,UNITED ARAB EMIRATES,3,LANDED
FZ,1163,2022-03-07 11:40:00,2022-03-07 11:50:00,A,DXB,DUBAI,UNITED ARAB EMIRATES,3,LANDED
UA,085,2022-03-07 11:30:00,2022-03-07 11:52:00,D,EWR,NEWARK,UNITED STATES,3,DEPARTED
USF,POKER,2022-03-07 10:35:00,2022-03-07 11:56:00,D,AMM,AMMAN,JORDAN,3,DEPARTED
FR,6754,2022-03-07 12:10:00,2022-03-07 12:01:00,A,BUD,BUDAPEST,HUNGARY,3,LANDED
LY,615,2022-03-07 12:00:00,2022-03-07 12:01:00,D,DME,MOSCOW,RUSSIAN FEDERATION,3,DEPARTED
GF,972,2022-03-07 12:00:00,2022-03-07 12:04:00,A,BAH,BAHRAIN,BAHRAIN,3,LANDED
EZS,1191,2022-03-07 12:25:00,2022-03-07 12:07:00,A,BSL,BASEL,SWITZERLAND,3,LANDED
6H,431,2022-03-07 11:45:00,2022-03-07 12:08:00,D,ETM,RAMON,ISRAEL,1,DEPARTED
LY,973,2022-03-07 12:00:00,2022-03-07 12:10:00,D,DXB,DUBAI,UNITED ARAB EMIRATES,3,DEPARTED
W6,1560,2022-03-07 11:30:00,2022-03-07 12:15:00,D,WAW,WARSAW,POLAND,1,DEPARTED
9U,347,2022-03-07 12:15:00,2022-03-07 12:15:00,A,KIV,CHISINAU,MOLDOVA,3,CANCELED
LY,030,2022-03-07 12:50:00,2022-03-07 12:21:00,A,YYZ,TORONTO,CANADA,3,LANDED
LY,5059,2022-03-07 12:30:00,2022-03-07 12:30:00,D,DXB,DUBAI,UNITED ARAB EMIRATES,3,CANCELED
TO,3930,2022-03-07 12:50:00,2022-03-07 12:32:00,A,ORY,PARIS,FRANCE,3,LANDED
EJU,7933,2022-03-07 13:00:00,2022-03-07 12:39:00,A,AMS,AMSTERDAM,NETHERLANDS,3,LANDED
EZS,1526,2022-03-07 12:20:00,2022-03-07 12:45:00,D,GVA,GENEVA,SWITZERLAND,3,DEPARTED
LAU,DAFUN,2022-03-07 08:30:00,2022-03-07 12:46:00,A,LCA,LARNACA,CYPRUS,3,LANDED
493,4XDAD,2022-03-07 12:30:00,2022-03-07 12:48:00,D,LHA,NEUSTADT,GERMANY,3,DEPARTED
IZ,808,2022-03-07 12:35:00,2022-03-07 12:57:00,A,ETM,RAMON,ISRAEL,1,LANDED
3U,3780,2022-03-07 12:55:00,2022-03-07 12:58:00,D,CTU,CHENGDU,CHINA,3,DEPARTED
EJU,5201,2022-03-07 13:20:00,2022-03-07 12:59:00,A,BER,BERLIN,GERMANY,3,LANDED
FR,6746,2022-03-07 13:20:00,2022-03-07 13:02:00,A,CRL,BRUSSELS,BELGIUM,3,LANDED
FR,8696,2022-03-07 13:05:00,2022-03-07 13:11:00,D,NAP,NAPLES,ITALY,3,DEPARTED
9U,348,2022-03-07 13:15:00,2022-03-07 13:15:00,D,KIV,CHISINAU,MOLDOVA,1,CANCELED
FR,6755,2022-03-07 13:00:00,2022-03-07 13:20:00,D,BUD,BUDAPEST,HUNGARY,3,DEPARTED
6H,442,2022-03-07 13:10:00,2022-03-07 13:26:00,A,ETM,RAMON,ISRAEL,1,LANDED
AHS,4KJJ8,2022-03-07 13:30:00,2022-03-07 13:30:00,A,BAK,BAKU,AZERBAIJAN,3,CANCELED
AM,7874,2022-03-07 14:00:00,2022-03-07 13:31:00,A,LAX,LOS ANGELES,UNITED STATES,3,LANDED
LY,006,2022-03-07 14:00:00,2022-03-07 13:31:00,A,LAX,LOS ANGELES,UNITED STATES,3,LANDED
6H,886,2022-03-07 13:50:00,2022-03-07 13:32:00,A,BUS,BATUMI,GEORGIA,3,LANDED
EZS,1192,2022-03-07 13:20:00,2022-03-07 13:35:00,D,BSL,BASEL,SWITZERLAND,3,DEPARTED
EK,2364,2022-03-07 12:45:00,2022-03-07 13:38:00,D,DXB,DUBAI,UNITED ARAB EMIRATES,1,DEPARTED
FZ,1164,2022-03-07 12:45:00,2022-03-07 13:38:00,D,DXB,DUBAI,UNITED ARAB EMIRATES,1,DEPARTED
LY,026,2022-03-07 14:10:00,2022-03-07 13:41:00,A,EWR,NEWARK,UNITED STATES,3,LANDED
TK,794,2022-03-07 13:55:00,2022-03-07 13:48:00,A,IST,ISTANBUL,TURKEY,3,LANDED
AM,7871,2022-03-07 13:30:00,2022-03-07 13:49:00,D,JFK,NEW YORK,UNITED STATES,3,DEPARTED
AR,7855,2022-03-07 13:30:00,2022-03-07 13:49:00,D,JFK,NEW YORK,UNITED STATES,3,DEPARTED
LY,007,2022-03-07 13:30:00,2022-03-07 13:49:00,D,JFK,NEW YORK,UNITED STATES,3,DEPARTED
B2,8751,2022-03-07 14:15:00,2022-03-07 13:50:00,A,MSQ,MINSK,BELARUS,3,LANDED
QAS,MM623,2022-03-07 14:30:00,2022-03-07 13:53:00,D,IRE,PRATICA DI MARE,ITALY,3,DEPARTED
AR,7876,2022-03-07 14:30:00,2022-03-07 13:56:00,A,FCO,ROME,ITALY,3,LANDED
LY,386,2022-03-07 14:30:00,2022-03-07 13:56:00,A,FCO,ROME,ITALY,3,LANDED
LY,613,2022-03-07 13:55:00,2022-03-07 13:56:00,D,DME,MOSCOW,RUSSIAN FEDERATION,3,DEPARTED
IZ,811,2022-03-07 13:50:00,2022-03-07 14:04:00,D,ETM,RAMON,ISRAEL,1,DEPARTED
TO,3932,2022-03-07 14:30:00,2022-03-07 14:04:00,A,ORY,PARIS,FRANCE,3,LANDED
EJU,7934,2022-03-07 14:00:00,2022-03-07 14:13:00,D,AMS,AMSTERDAM,NETHERLANDS,3,DEPARTED
6H,432,2022-03-07 14:35:00,2022-03-07 14:16:00,A,ETM,RAMON,ISRAEL,1,LANDED
AF,962,2022-03-07 14:05:00,2022-03-07 14:21:00,A,CDG,PARIS,FRANCE,3,LANDED
DL,8457,2022-03-07 14:05:00,2022-03-07 14:21:00,A,CDG,PARIS,FRANCE,3,LANDED
KL,2059,2022-03-07 14:05:00,2022-03-07 14:21:00,A,CDG,PARIS,FRANCE,3,LANDED
EJU,5202,2022-03-07 14:15:00,2022-03-07 14:29:00,D,BER,BERLIN,GERMANY,3,DEPARTED
AHS,4KJJ8,2022-03-07 14:30:00,2022-03-07 14:30:00,D,BAK,BAKU,AZERBAIJAN,3,CANCELED
FR,7090,2022-03-07 15:05:00,2022-03-07 14:33:00,A,FCO,ROME,ITALY,3,LANDED
FR,6747,2022-03-07 14:10:00,2022-03-07 14:38:00,D,CRL,BRUSSELS,BELGIUM,3,DEPARTED
6H,447,2022-03-07 13:45:00,2022-03-07 14:41:00,D,ETM,RAMON,ISRAEL,1,DEPARTED
BA,165,2022-03-07 14:35:00,2022-03-07 14:44:00,A,LHR,LONDON,UNITED KINGDOM,3,LANDED
MNB,140,2022-03-07 15:00:00,2022-03-07 14:46:00,A,IST,ISTANBUL,TURKEY,3,LANDED
TO,3931,2022-03-07 14:00:00,2022-03-07 14:49:00,D,ORY,PARIS,FRANCE,1,DEPARTED
QAS,N127R,2022-03-07 15:15:00,2022-03-07 14:50:00,A,BHX,BIRMINGHAM,UNITED KINGDOM,3,LANDED
USF,RCH18,2022-03-07 14:50:00,2022-03-07 14:50:00,A,ADJ,AMMAN,JORDAN,3,CANCELED
6H,562,2022-03-07 13:35:00,2022-03-07 14:51:00,A,ATH,ATHENS,GREECE,3,LANDED
FX,5071,2022-03-07 15:00:00,2022-03-07 14:55:00,D,CGN,COLOGNE,GERMANY,3,DEPARTED
QAS,N836B,2022-03-07 15:05:00,2022-03-07 14:56:00,A,FAB,FARNBOROUGH,UNITED KINGDOM,3,LANDED
LAU,DAFUN,2022-03-07 10:00:00,2022-03-07 15:00:00,D,LBG,PARIS,FRANCE,3,DEPARTED
PC,783,2022-03-07 14:55:00,2022-03-07 15:06:00,A,SAW,ISTANBUL,TURKEY,3,LANDED
GF,973,2022-03-07 14:30:00,2022-03-07 15:07:00,D,BAH,BAHRAIN,BAHRAIN,1,DEPARTED
QAS,DCFIV,2022-03-07 12:10:00,2022-03-07 15:07:00,A,VIE,VIENNA,AUSTRIA,3,LANDED
LY,2366,2022-03-07 14:55:00,2022-03-07 15:13:00,A,BUD,BUDAPEST,HUNGARY,3,LANDED
LY,5457,2022-03-07 15:00:00,2022-03-07 15:14:00,D,IAS,IASI,ROMANIA,3,DEPARTED
AA,052,2022-03-07 15:30:00,2022-03-07 15:16:00,A,MIA,MIAMI,UNITED STATES,3,LANDED
JU,8266,2022-03-07 14:50:00,2022-03-07 15:17:00,D,IST,ISTANBUL,TURKEY,3,DEPARTED
TK,795,2022-03-07 14:50:00,2022-03-07 15:17:00,D,IST,ISTANBUL,TURKEY,3,DEPARTED
LH,686,2022-03-07 15:15:00,2022-03-07 15:19:00,A,FRA,FRANKFURT,GERMANY,3,LANDED
QY,995,2022-03-07 15:20:00,2022-03-07 15:25:00,D,BRU,BRUSSELS,BELGIUM,3,DEPARTED
AM,7877,2022-03-07 15:15:00,2022-03-07 15:31:00,D,LHR,LONDON,UNITED KINGDOM,3,DEPARTED
LY,317,2022-03-07 15:15:00,2022-03-07 15:31:00,D,LHR,LONDON,UNITED KINGDOM,3,DEPARTED
B2,8752,2022-03-07 15:15:00,2022-03-07 15:38:00,D,MSQ,MINSK,BELARUS,3,DEPARTED
6H,661,2022-03-07 15:40:00,2022-03-07 15:40:00,D,DXB,DUBAI,UNITED ARAB EMIRATES,3,CANCELED
FR,2005,2022-03-07 16:10:00,2022-03-07 15:43:00,A,BGY,BERGAMO,ITALY,3,LANDED
LAU,9HSIS,2022-03-07 15:30:00,2022-03-07 15:43:00,A,BSL,BASEL,SWITZERLAND,3,LANDED
QAS,N108M,2022-03-07 16:15:00,2022-03-07 15:46:00,A,IND,INDIANAPOLIS,UNITED STATES,3,LANDED
6H,721,2022-03-07 15:15:00,2022-03-07 15:55:00,D,SOF,SOFIA,BULGARIA,3,DEPARTED
LY,375,2022-03-07 15:30:00,2022-03-07 15:59:00,D,LIS,LISBON,PORTUGAL,3,DEPARTED
TP,8920,2022-03-07 15:30:00,2022-03-07 15:59:00,D,LIS,LISBON,PORTUGAL,3,DEPARTED
AA,8386,2022-03-07 16:00:00,2022-03-07 16:00:00,A,MXP,MILAN,ITALY,3,LANDED
LY,382,2022-03-07 16:00:00,2022-03-07 16:00:00,A,MXP,MILAN,ITALY,3,LANDED
FR,7091,2022-03-07 15:55:00,2022-03-07 16:02:00,D,FCO,ROME,ITALY,3,DEPARTED
LY,2522,2022-03-07 16:25:00,2022-03-07 16:06:00,A,PRG,PRAGUE,CZECH REPUBLIC,3,LANDED
UA,090,2022-03-07 16:20:00,2022-03-07 16:07:00,A,EWR,NEWARK,UNITED STATES,3,LANDED
6H,045,2022-03-07 15:25:00,2022-03-07 16:10:00,D,ETM,RAMON,ISRAEL,1,DEPARTED
LH,680,2022-03-07 16:00:00,2022-03-07 16:18:00,A,MUC,MUNICH,GERMANY,3,LANDED
6H,664,2022-03-07 14:50:00,2022-03-07 16:22:00,A,DXB,DUBAI,UNITED ARAB EMIRATES,3,LANDED
IZ,813,2022-03-07 15:50:00,2022-03-07 16:23:00,D,ETM,RAMON,ISRAEL,1,DEPARTED
IZ,812,2022-03-07 16:15:00,2022-03-07 16:24:00,A,ETM,RAMON,ISRAEL,1,LANDED
TO,3933,2022-03-07 15:30:00,2022-03-07 16:27:00,D,ORY,PARIS,FRANCE,1,DEPARTED
PC,784,2022-03-07 15:55:00,2022-03-07 16:31:00,D,SAW,ISTANBUL,TURKEY,1,DEPARTED
DL,234,2022-03-07 17:20:00,2022-03-07 16:33:00,A,JFK,NEW YORK,UNITED STATES,3,LANDED
LY,363,2022-03-07 16:15:00,2022-03-07 16:35:00,D,VIE,VIENNA,AUSTRIA,3,DEPARTED
AF,963,2022-03-07 15:55:00,2022-03-07 16:40:00,D,CDG,PARIS,FRANCE,3,DEPARTED
KL,2060,2022-03-07 15:55:00,2022-03-07 16:40:00,D,CDG,PARIS,FRANCE,3,DEPARTED
TO,3938,2022-03-07 16:45:00,2022-03-07 16:40:00,A,ORY,PARIS,FRANCE,3,LANDED
BA,164,2022-03-07 16:25:00,2022-03-07 16:42:00,D,LHR,LONDON,UNITED KINGDOM,3,DEPARTED
AA,8375,2022-03-07 16:40:00,2022-03-07 16:43:00,A,CDG,PARIS,FRANCE,3,LANDED
LY,320,2022-03-07 16:40:00,2022-03-07 16:43:00,A,CDG,PARIS,FRANCE,3,LANDED
MNB,141,2022-03-07 16:30:00,2022-03-07 16:45:00,D,IST,ISTANBUL,TURKEY,3,DEPARTED
AM,7856,2022-03-07 17:10:00,2022-03-07 16:48:00,A,JFK,NEW YORK,UNITED STATES,3,LANDED
AR,7856,2022-03-07 17:10:00,2022-03-07 16:48:00,A,JFK,NEW YORK,UNITED STATES,3,LANDED
LY,008,2022-03-07 17:10:00,2022-03-07 16:48:00,A,JFK,NEW YORK,UNITED STATES,3,LANDED
SU,508,2022-03-07 17:35:00,2022-03-07 16:57:00,A,SVO,MOSCOW,RUSSIAN FEDERATION,3,LANDED
AM,7853,2022-03-07 16:50:00,2022-03-07 17:00:00,D,CDG,PARIS,FRANCE,3,DEPARTED
LY,325,2022-03-07 16:50:00,2022-03-07 17:00:00,D,CDG,PARIS,FRANCE,3,DEPARTED
6H,448,2022-03-07 16:30:00,2022-03-07 17:00:00,A,ETM,RAMON,ISRAEL,1,LANDED
LAU,N800T,2022-03-09 11:00:00,2022-03-08 06:36:00,D,BAH,BAHRAIN,BAHRAIN,3,DEPARTED
